<?xml version="1.0" encoding="UTF-8"?>
<project-private xmlns="http://www.netbeans.org/ns/project-private/1">
    <editor-bookmarks xmlns="http://www.netbeans.org/ns/editor-bookmarks/2" lastBookmarkId="0"/>
    <open-files xmlns="http://www.netbeans.org/ns/projectui-open-files/2">
        <group>
            <file>file:/Users/alanlow/Documents/MPLABXProjects/DRYBOX.X/AHT10.h</file>
            <file>file:/Users/alanlow/Documents/MPLABXProjects/DRYBOX.X/I2C.c</file>
            <file>file:/Users/alanlow/Documents/MPLABXProjects/DRYBOX.X/SSD1306.h</file>
            <file>file:/Users/alanlow/Documents/MPLABXProjects/DRYBOX.X/I2C.h</file>
            <file>file:/Users/alanlow/Documents/MPLABXProjects/DRYBOX.X/MAIN.c</file>
        </group>
    </open-files>
</project-private>
